program,income,sibs,e,walk
Regular,-0.1524106330647638,2.011305586134103,-0.599123209933587,-0.22208636646368118
Single report,-0.22889581513081952,-1.1779674987171151,-1.3306949928117564,-2.1630224648665433
Weekly    report,-0.9007917505804772,-0.7551704821952414,-0.5922097458709902,-2.620982612839327
Special,-0.7350261557842767,-0.3312844845853223,1.8010508559089398,1.1328693799398635
Weekly    report,-1.427685783593444,-0.2837026964500665,1.0553385910436344,-1.5280414325715648
Regular,0.6192835348493725,0.3141529000716705,-0.2919207569173455,0.39408099539254843
Regular,-0.006198262269624111,1.8448386710393045,-0.824109376195114,-0.31098743407989793
Regular,-0.6857068456929861,-0.9819171494121648,1.2162502385209386,-0.7032686047246228
Single report,-0.2793335276372195,2.196003763390071,0.21972840450965236,0.9987299947488585
Special,-0.78273027528325545,-0.20466766506402131,0.07499952694127236,-0.6014297185156214
Single report,-0.7789972397321926,0.9751429364340559,-2.1404184838499143,-2.721342875231175
Weekly    report,-0.37480009312840856,-0.8675661162473909,1.4709722365164537,0.17498903870014537
Weekly    report,-0.319393808829427,-0.5011875917612657,-0.8377676061922844,-1.8674521153170578
Special,0.08454376805080788,0.7855911628703068,0.39550986785137193,1.5151211013627373
Weekly    report,-0.7684736029397172,-2.1022473235015626,0.8864216766580727,-1.6174123895022845
Regular,-0.6259109130716498,-0.04220492971539837,1.2010425517785839,-0.15892628268659004
Special,-0.9008708552379426,-0.4048094134224834,1.3168056812934466,0.36309469172529085
Single report,0.6637286696752447,-0.11276596646787061,-0.19304041816579548,0.8461696031131363
Single report,0.30027911812024244,1.7971404406654115,0.5505762493195184,1.999565146832588
Regular,0.07485682386227409,-0.8103262579201039,-2.0887729437758784,-2.7816508369425192
Single report,0.20637269535074765,1.9009000737511965,-0.024909793526828136,1.3350992863748916
Single report,-0.488922835294287,0.7089544404656554,0.8884576514004443,0.6095506186918415
Single report,-0.6279516578233464,0.736194774553343,-0.3374311513336793,-0.8112612507920274
Special,-0.04691672642829948,1.3657765536621354,-1.0307110546566607,0.18180213253195765
Regular,0.16261811532189557,-0.5762638927565428,0.43083317223155865,-0.013371601163869429
Single report,1.2923059149731964,-0.8047323196360593,0.2089074018195396,1.8450001144613044
Single report,-0.4635565015199729,-0.5350658115382178,-1.5482402570687468,-2.4111079151178147
Regular,0.30546322748172333,0.7915479094238929,-1.173802218473676,-0.7198334225391446
Special,-0.08398871324032925,-0.707607150862118,1.1788152043478577,1.2990285590563047
Regular,0.41036344916199535,-1.2755433719884615,-0.4193094422402978,-0.8415359544915355
Weekly    report,0.18367824052907913,2.3754644612331477,-1.8525752996818772,-0.6893257082716846
Weekly    report,1.7787416183437779,-1.0935897483121282,0.48592647351685714,2.30724402687646
Weekly    report,0.03768284739738039,0.19244158222404886,-0.47191259328027896,-0.6191675310721838
Single report,1.1762201244006039,-0.1261603813796899,0.8467385910487075,2.6479885869597686
Weekly    report,-0.5585358103268164,-1.3884321398743908,0.9257705920311124,-0.9062491933963078
Regular,-0.9456179399256067,0.4699021916206253,-0.32083058093985506,-1.9043063950179524
Single report,-0.6651886394786714,0.9603823572009029,-1.3009736336468574,-1.718565414264413
Regular,0.4520301916037567,-0.0051412883830353725,2.459568010321518,2.7350426535356354
Regular,0.5268556691889544,-0.8704644417645429,0.778365003756837,0.7334162866579973
Special,-0.23026223548426958,-0.4628790402694057,0.6898809126128761,0.7130480392517689
Special,1.397426653164646,-1.9111512550810923,-1.7044655488057525,0.036098803400670176
Special,1.7636530313853604,0.3698160437135454,1.1053721346835388,4.535759703618353
Special,0.48560135419060707,-0.46228805728137107,-0.3138528146859152,0.7834051879593098
Special,-0.2657389438971887,0.3219558918166299,-0.346692745478719,0.01567678458381283
Regular,0.15161137071442038,-0.28400138992910484,1.0384404772981966,0.7238568384052747
Weekly    report,1.3766098130144824,1.0918564434568465,-0.5115648539611923,1.7992780872889544
Weekly    report,-0.18039431426057462,0.16021636274574555,1.014528249688281,0.524044959670292
Weekly    report,-1.567675132477536,2.7081682844053674,0.6116993776733908,-0.6857291788402293
Special,-0.2607258927086163,0.2862899294141674,-0.7722500133404745,-0.42019388769631527
Single report,0.9618103517235741,-0.03251025083008431,0.6809155823870638,2.207375984557383
Weekly    report,0.8538954643101121,-0.9896780191064586,-0.2075834776456533,0.2784207092662856
Regular,0.41879670207218433,0.2118099280885224,0.837426507279305,1.1715265244318427
Single report,0.339956513014142,-0.972017533731427,-0.2918737159287265,-0.16794771327322705
Single report,0.5964250590152755,0.5492240139576962,0.32060108022529776,1.589850675727059
Special,1.871418005211069,-1.0490215300116843,-1.3697757608626513,1.51284048194811
Regular,0.6028703696937787,0.44913393476040253,0.29122965826017805,1.0201021801810475
Special,-0.7661688038809561,-0.38585565254267085,1.3855454685817628,0.6433644364889931
Single report,-0.6203264870774627,-1.5701355229818255,0.1690452356527402,-1.4465122564543669
Weekly    report,0.7901902505959718,1.226942601065978,1.0689212841752247,2.5676779606021713
Special,-0.2419765098235928,0.6666943955568755,-1.5858891592120616,-1.0155067261690132
Single report,1.1174864812273457,-1.1516031630448444,-0.3838500919737489,0.8165780483448477
Regular,1.1849306349973203,-0.16078848318938116,0.8648344176127306,2.161836128514021
Regular,1.6464748376473677,-0.9729137758858334,0.5612503410942727,2.1445057096224076
Special,0.19299618585284606,-0.6104616593276314,-1.4398370589036131,-0.8555736097881599
Weekly    report,-0.3925535541016693,0.49927687561987033,-1.0061661467123062,-1.6453580400548748
Special,0.0070513233354841075,0.8793641391858048,-0.9403550265541074,0.10990402804202115
Weekly    report,-2.494835444338392,0.923129239365448,0.053451332153780964,-3.527237214671083
Weekly    report,-0.977296362156525,0.6931339719110087,-0.5739454956416925,-1.9933230529209758
Regular,0.6285688228065485,-0.1395003245617591,0.22054883007557,0.6936519020045131
Single report,-0.08414047297904528,-3.3106787265626,-0.8345157344883208,-2.516065807238189
Special,0.38213160784884087,0.5384657991128267,-0.13035416226200658,1.312076149067668
Weekly    report,-1.0934137989101416,0.892485866504513,0.5673294417859287,-0.9265483233270269
Special,-0.7554639606075171,0.4894620362134137,1.2084668200239246,0.9200018972193557
Single report,-0.263992918781489,-1.1963517465652953,0.12721964840281985,-0.7669456030520613
Weekly    report,-0.7524626972184474,0.4627378532476744,-0.9514095431911237,-2.1487346623949577
Single report,0.4406920905282026,0.9717035763262518,-0.6625144389983224,0.5843754849571074
Single report,-1.2774507661336012,-1.4721589644646702,0.3445948543887844,-2.2076607770439525
Special,1.1771920455567373,0.5289649408994677,-1.0798542208622024,1.5504163179226373
Single report,0.9025058341808868,2.4544003526127964,0.2096526042094672,2.890611531787196
Regular,-1.2613041767337225,-1.6493454795915887,-1.302919565163581,-4.419548570059959
Weekly    report,0.8374551456931618,0.7958051550135953,-0.3698112354700634,0.984274060576477
Regular,-2.348290307602076,-0.3412931669875907,-0.6429370631692222,-4.736019108066131
Special,0.610971136817096,-1.4052537997164387,1.091163539257241,1.9049933446246654
Regular,-0.04786774228856286,-0.9229608150716289,0.33659495161081704,-0.5966870693578417
Single report,-2.399197708322535,0.009898129558867036,-0.3148323075633898,-3.8086798052677584
Weekly    report,-0.019318956188193032,-0.40885977369908966,-0.17907198024241908,-0.7124803013742534
Single report,-0.08868545222565304,-1.3882452887997436,0.052267827582484536,-0.6748829951558669
Single report,-1.5954848980990155,-0.2645952384794647,0.6108813514123492,-1.8146436149759062
Regular,0.8517093210690175,-0.9472982789833317,-0.29379674245447024,0.11011809965739011
Special,-0.7135608058748343,0.7395213279616146,-2.679716201440087,-2.780296746271531
Weekly    report,1.0664303443791914,0.8967787085671886,-1.2378444243958928,0.5101904464564886
Special,-0.5362425904512619,-0.3460008871108405,0.576568612062135,0.19920428282982194
Weekly    report,0.5359170564365098,-1.7820570684685761,1.135890588891514,0.7487376393119908
Regular,-1.8286266338760822,0.46494175307579666,0.6941417864464199,-2.216327287829805
Special,-1.8135333558620907,-1.9510306097471337,0.28657116737033594,-2.809244171296367
Regular,1.372613706858591,-0.5161133404630439,-1.9980673132672995,-0.5972034232109344
Weekly    report,-0.5642695407184867,0.4890803175299605,1.1497782392490017,0.24791408693625216
Regular,0.9703112265514805,0.902024726217598,1.4358605475925377,2.942339750528557
Weekly    report,-0.018633984200702357,0.6403629948477761,-0.4794400747609374,-0.4872095536381028
Special,0.36237034960005254,0.9512088789460401,2.289106337780241,3.90826630165334
